keyword,status,data_points,scraped_at
royal air maroc airline,success,186,2025-10-07T23:53:00.914101
rawabi hotel marrakech & spa,success,186,2025-10-07T23:53:04.762291
villa marrakech,success,186,2025-10-07T23:53:09.460106
moroccan dirham to dollars,success,186,2025-10-07T23:53:14.539534
morocco trip itinerary,success,186,2025-10-07T23:53:20.291722
morocco visa for us citizens,success,186,2025-10-07T23:53:23.929992
casablanca morocco tourism,success,186,2025-10-07T23:53:28.003815
moroccan food singapore,success,186,2025-10-07T23:53:41.445697
medina marrakech,success,186,2025-10-07T23:53:46.975589
marrakech to ait benhaddou,success,186,2025-10-07T23:53:50.475101
royal air maroc booking,success,186,2025-10-07T23:53:53.940567
frankfurt nach casablanca royal air maroc,success,186,2025-10-07T23:53:58.025051
morocco weather in january,success,186,2025-10-07T23:54:07.521909
moroccan dirham to gbp,success,186,2025-10-07T23:54:11.271545
nantes marrakech,success,186,2025-10-07T23:54:20.554222
agadir weather september,success,186,2025-10-07T23:54:24.853821
moroccan restaurant philadelphia,success,186,2025-10-07T23:54:33.647338
moroccan restaurant los angeles,success,186,2025-10-07T23:54:37.390703
good food brownies,success,186,2025-10-07T23:54:41.326153
fes morocco weather,success,186,2025-10-07T23:54:45.559527
moroccan oil root boost,success,186,2025-10-07T23:54:49.616302
10 day morocco itinerary,success,186,2025-10-07T23:54:53.430326
vuelos malaga marrakech,success,186,2025-10-07T23:54:58.263441
bbc good food,success,186,2025-10-07T23:55:02.865787
cheap agadir flights,success,186,2025-10-07T23:55:06.454269
good food banana bread,success,186,2025-10-07T23:55:10.201198
royal air maroc ticket,success,186,2025-10-07T23:55:14.067695
morocco world cup 2022,success,186,2025-10-07T23:55:17.220734
marrakech du rire,success,186,2025-10-07T23:55:21.071612
booking flights,success,186,2025-10-07T23:55:25.569339
tajine morocco,success,186,2025-10-07T23:55:33.756653
casablanca jacke,success,186,2025-10-07T23:55:37.091661
morocco tourism,success,186,2025-10-07T23:55:43.418528
morocco tourism packages,success,186,2025-10-07T23:55:52.748517
is moroccan oil a heat protectant,success,186,2025-10-07T23:55:56.847941
famous places in morocco,success,186,2025-10-07T23:56:02.831333
morocco tours,success,186,2025-10-07T23:56:06.863601
14 day morocco itinerary,success,186,2025-10-07T23:56:11.180556
tangier morocco map,success,186,2025-10-07T23:56:14.896940
dollar to moroccan dirham today,success,186,2025-10-07T23:56:19.879844
moroccan oil volumizing mist,success,186,2025-10-07T23:56:23.696763
moroccan oil brand,success,186,2025-10-07T23:56:32.396490
location riad marrakech,success,186,2025-10-07T23:56:36.062272
is morocco safe for women,success,186,2025-10-07T23:56:40.065479
morocco visa application,success,186,2025-10-07T23:56:44.928697
marrakech weather by month,success,186,2025-10-07T23:56:49.361579
casablanca london,success,186,2025-10-07T23:56:54.177872
spain portugal morocco itinerary,success,186,2025-10-07T23:57:00.710786
moroccan food toronto,success,186,2025-10-07T23:57:05.360800
taj moroccan food,success,186,2025-10-07T23:57:08.777304
marrakech souks,success,186,2025-10-07T23:57:20.092857
best months to visit morocco,success,186,2025-10-07T23:57:26.508990
morocco food,success,186,2025-10-07T23:57:30.525766
moroccan restaurant,success,186,2025-10-07T23:57:34.708697
moroccan restaurants london,success,186,2025-10-07T23:57:40.408474
moroccan oil shampoo and conditioner,success,186,2025-10-07T23:57:45.425017
