city,name,url
Agadir,"Zephyr Agadir
Une nouvelle fenêtre va s'ouvrir",https://www.booking.com/hotel/ma/zephyr-agadir.fr.html
Agadir,"Hotel Argana Agadir
Une nouvelle fenêtre va s'ouvrir",https://www.booking.com/hotel/ma/argana.fr.html
Agadir,"Amadil Ocean Club
Une nouvelle fenêtre va s'ouvrir",https://www.booking.com/hotel/ma/amadil-ocean-club-agadir.fr.html
Agadir,"Pickalbatros Palais Des Roses - Agadir - All Inclusive
Une nouvelle fenêtre va s'ouvrir",https://www.booking.com/hotel/ma/pickalbatros-palais-des-roses.fr.html
Agadir,"The Rina Hostel
Une nouvelle fenêtre va s'ouvrir",https://www.booking.com/hotel/ma/the-rina-hostel.fr.html
Agadir,"Dunes d'Or Ocean Club
Une nouvelle fenêtre va s'ouvrir",https://www.booking.com/hotel/ma/les-dunes-d-or.fr.html
Agadir,"Oasis Hotel & Spa
Une nouvelle fenêtre va s'ouvrir",https://www.booking.com/hotel/ma/oasis.fr.html
Agadir,"The View Agadir
Une nouvelle fenêtre va s'ouvrir",https://www.booking.com/hotel/ma/the-view-agadir-hotel.fr.html
Agadir,"Allegro Agadir
Une nouvelle fenêtre va s'ouvrir",https://www.booking.com/hotel/ma/allegro-agadir.fr.html
Agadir,"Sofitel Agadir Royal Bay Resort
Une nouvelle fenêtre va s'ouvrir",https://www.booking.com/hotel/ma/sofitel-agadir-royal-bay-resort.fr.html
Agadir,"Sofitel Agadir Thalassa Sea & Spa
Une nouvelle fenêtre va s'ouvrir",https://www.booking.com/hotel/ma/sofitel-agadir-thalassa-sea.fr.html
Agadir,"Anezi Tower Hotel
Une nouvelle fenêtre va s'ouvrir",https://www.booking.com/hotel/ma/anezi-agadir.fr.html
Agadir,"Atlantic Hotel Agadir
Une nouvelle fenêtre va s'ouvrir",https://www.booking.com/hotel/ma/atlantic-agadir.fr.html
Agadir,"Tikida Golf Palace
Une nouvelle fenêtre va s'ouvrir",https://www.booking.com/hotel/ma/tikida-golf-palace-agadir.fr.html
Agadir,"New Luxury Apartment 130sqm with SeaView WiFi Unlimited with Optical Fiber
Une nouvelle fenêtre va s'ouvrir",https://www.booking.com/hotel/ma/new-luxury-apartment-with-sea-view-and-fiber-wifi.fr.html
Agadir,"Luxury Seafront Apartment 99sqm with 2 Bedrooms and Wi-Fi Unlimited
Une nouvelle fenêtre va s'ouvrir",https://www.booking.com/hotel/ma/luxury-seafront-apartment-99sqm-with-wi-fi-and-parking.fr.html
Agadir,"Hotel Prestige Agadir Boutique & SPA
Une nouvelle fenêtre va s'ouvrir",https://www.booking.com/hotel/ma/khalij-agadir-spa.fr.html
Agadir,"HAMILTON Agadir
Une nouvelle fenêtre va s'ouvrir",https://www.booking.com/hotel/ma/hamilton-agadir.fr.html
Agadir,"Suite Hotel Tilila
Une nouvelle fenêtre va s'ouvrir",https://www.booking.com/hotel/ma/suite-ha-tel-tilila.fr.html
Agadir,"Dinosaur Anza Surf House
Une nouvelle fenêtre va s'ouvrir",https://www.booking.com/hotel/ma/dinosaure-anza-surf-house.fr.html
Agadir,"Résidence Hotelière Fleurie
Une nouvelle fenêtre va s'ouvrir",https://www.booking.com/hotel/ma/residence-fleurie-agadir.fr.html
Agadir,"La Suite Hotel Agadir Adults Only
Une nouvelle fenêtre va s'ouvrir",https://www.booking.com/hotel/ma/la-suite-boutique.fr.html
Agadir,"Le Riad Villa Blanche
Une nouvelle fenêtre va s'ouvrir",https://www.booking.com/hotel/ma/riad-villa-blanche.fr.html
Agadir,"EcoBay Surf Camp - Chill Experience Horses & MusicVibes
Une nouvelle fenêtre va s'ouvrir",https://www.booking.com/hotel/ma/the-maroccan-surf-epicswellhouse.fr.html
Agadir,"Golden Beach Appart'hotel
Une nouvelle fenêtre va s'ouvrir",https://www.booking.com/hotel/ma/golden-beach-appart.fr.html
Agadir,"Riad & Restaurant Ocean Beach Douira
Une nouvelle fenêtre va s'ouvrir",https://www.booking.com/hotel/ma/riad-ocean-beach-douira.fr.html
Agadir,"Dominium Palace
Une nouvelle fenêtre va s'ouvrir",https://www.booking.com/hotel/ma/dominium-palace.fr.html
Agadir,"Hotel Sindibad
Une nouvelle fenêtre va s'ouvrir",https://www.booking.com/hotel/ma/sindibad.fr.html
Agadir,"Mabrouk Hotel and Suites- Adult only
Une nouvelle fenêtre va s'ouvrir",https://www.booking.com/hotel/ma/mabrouk-and-suites.fr.html
Agadir,"Appart-Hôtel Tagadirt
Une nouvelle fenêtre va s'ouvrir",https://www.booking.com/hotel/ma/appart-tagadirt.fr.html
