,term
0,dollar in moroccan dirham
1,moroccan oil protect and prevent spray
2,good food recipes
3,merzouga tour
4,morocco travel update
5,traditional moroccan food
6,morocco covid travel
7,moroccan oil gift set
8,bbc good food crumble
9,rockin moroccan food truck
10,marrakech weather forecast
11,is moroccan oil cruelty free
12,longue vie hotel marrakech
13,wydad casablanca
14,restaurant marrakech kassel
15,flights to casablanca morocco
16,marrakech meteo
17,when to visit morocco
18,morocco safe to travel
19,argan oil morocco hair elixir
20,morocco sahara desert tour
21,tls contact marrakech
22,aeropuerto de marrakech
23,ogx moroccan oil
24,marrakech hotels morocco
25,lisbon to casablanca flights
26,moroccan food menu
27,morocco tourism video
28,what to visit in morocco
29,moroccan oil shower gel
30,garnier moroccan oil
31,le petit marrakech bonn
32,euro to moroccan dirham
33,must see places in morocco
34,moroccan restaurant london
35,moroccan oil copper mask
36,morocco news rayan
37,is it safe to visit morocco
38,moroccan oil body oil
39,morocco visa online
40,marrakesh moroccan restaurant
41,ait benhaddou morocco
42,kenya vs morocco
43,royal air maroc cheap flights
44,vuelos a marrakech baratos
45,moroccan oil treatment mist
46,air arabia casablanca
47,vuelo madrid marrakech
48,morocco travel updates
49,good food
50,morocco itinerary 5 days
51,luxury morocco hotels
52,bbc good food slow cooker
53,can i travel to morocco from usa now
54,sahara desert tour
55,riad marrakech a vendre
56,moroccan oil clarifying shampoo
57,vuelos málaga casablanca royal air maroc
58,casablanca t shirt
59,morocco vs spain
60,morocco weather in october
61,how to season couscous
62,amazon moroccan oil
63,rabat
64,moroccan dirham
65,riad marrakech house
66,morocco travel tours
67,moroccan food dishes
68,"casablanca, morocco map"
69,riad marrakech piscine
70,air arabia bilbao tanger
71,que ver en marrakech
72,good food near me
73,wetter casablanca
74,agadir weather in october
75,riad marrakech by hivernage
76,can dogs eat couscous
77,marrakech du rire 2022
78,agadir weather in january
79,moroccan oil cream
80,good food epouville
81,bono morocco
82,casablanca t shirt herren
83,flights to morocco from manchester
84,morocco visa free countries
85,morocco vs central african republic
86,the good food versailles
87,moroccan restaurant chicago
88,where to buy moroccan oil products
89,apply for morocco visa from uk
90,marrakech souk
91,cheap flights to thailand from london
92,atp marrakech
93,casablanca bochum
94,casablanca city
95,pestana cr7 marrakech
96,marrakech weather 14 days
97,is royal air maroc a good airline
98,fairmont marrakech
99,casablanca oldenburg
100,marrakech du rire 2024
101,essaouira morocco hotels
102,visit morocco covid
103,marrakech weather april
104,us visa morocco
105,moroccan oil body
106,madrid to marrakech flights
107,bbc good food chilli
108,royal air maroc flight
109,morocco travel advisory
110,morocco visa from uk
111,casablanca moroccan restaurant
112,marrakech weather august
113,cmn airport
114,moroccan oil for hair
115,morocco visa application form uk
116,terremoto en marrakech
117,shopping in morocco
118,ouarzazate
119,morocco travel packages tours
120,moroccan restaurant nyc
121,riad fes baraka
122,marrakech sahara desert tour
123,casablanca programm
124,valerie kay photo royal air maroc
125,morocco map with cities
126,achat riad marrakech
127,morocco coronavirus
128,morocco train
129,heure marrakech
130,chefchaouen hotels
131,riad fes bab rcif
132,moroccan cuisine
133,casablanca morocco safety
134,morocco vs croatia
135,la mamounia marrakech
136,ait benhaddou game of thrones
137,best moroccan food near me
138,moroccan oil near me
139,google flight
140,manchester to agadir flights
141,morocco time zone
142,moroccan oil colour depositing mask
143,tangier morocco safety
144,morocco covid restrictions
145,morocco map google
146,air arabia flight
147,moroccan oil shampoo and conditioner set
148,kenzi hotel marrakech
149,location marrakech
150,moroccan food recipe
151,climate of morocco
152,moroccan restaurant st albans
153,morocco weather august
154,moroccan msemen
155,booking riad marrakech
156,bbc food recipes
157,riad marrakech doors
158,el tiempo marrakech
159,sahara desert tour from marrakech
160,riad fes medina
161,flights to agadir morocco
162,tunisia weather november
163,restaurant marrakech
164,casablanca flights
165,malhi good food
166,bbc good food cookies
167,cr7 hotel marrakech
168,vuelos alicante marrakech
169,moroccan chicken
170,moroccan oil hair products
171,morocco travel ban
172,manchester to marrakech flights
173,reasons not to visit morocco
174,moroccan oil serum
175,best moroccan food
176,morocco covid travel restrictions
177,morocco visa fee
178,royal air maroc flight status
179,donde alojarse en marrakech
180,royal mansour casablanca
181,moroccan restaurant portland
182,barcelona marrakech
183,new good food
184,morocco news live
185,marrakech weather 15 days
186,pound to moroccan dirham
187,vuelos zaragoza marrakech
188,bbc good food recipes
189,vuelos valencia marrakech
190,casablanca hemd
191,raja casablanca
192,vuelos madrid marrakech
193,vol marrakech
194,vuelo a marrakech
195,casablanca kino
196,aesop marrakech intense
197,moroccan oil color
198,flug nach casablanca
199,current time in morocco
200,tangier morocco hotels
201,madagascar vs morocco
202,morocco map world
203,turkish airlines manage booking
204,marrakech weather july
205,moroccan restaurant seattle
206,morocco weather in july
207,moroccan restaurants
208,argan oil morocco conditioner
209,air arabia booking
210,moroccan oil scalp treatment
211,mamounia marrakech
212,ait benhaddou earthquake
213,museo yves saint laurent marrakech
214,kino bochum casablanca
215,morocco news deutsch
216,oberoi marrakech
217,agadir weather july
218,le marrakech hamburg
219,morocco culture
220,casablanca hamburg
221,covid pcr test for travel near me
222,cheap flights
223,best places to visit in morocco
224,marrakech market
225,moroccan restaurant sacramento
226,jardin majorelle marrakech
227,la trattoria marrakech
228,marrakech que ver
229,morocco vs tunisia
230,moroccan food open late
231,riad fes maya
232,vuelos barcelona marrakech
233,casablanca film
234,casablanca marokko
235,moroccan restaurant san francisco
236,marrakech seisme
237,marrakech weather forecast 21 days
238,paris casablanca royal air maroc
239,moroccan restaurant paris
240,moroccan food recipes
241,riad marrakech le bouscat
242,casablanca bad soden
243,brazil morocco london to ibiza
244,hora en marrakech
245,moroccan food
246,casablanca restaurant
247,morocco weather in may
248,el tiempo en marrakech
249,1 euro to moroccan dirham
250,morocco tourism safety
251,agadir flights
252,casablanca höhle der löwen
253,marrakech vuelos
254,couscous monsieur cuisine plus
255,riad marrakech airbnb
256,1 dollar to moroccan dirham
257,casablanca pullover
258,exit marrakech
259,direct flights to morocco
260,how to use moroccan oil treatment
261,agadir weather 30-day
262,marrakech hoteles
263,moroccan oil depositing mask
264,beans morocco police academy
265,things to do in morocco marrakech
266,agadir weather in november
267,royal air maroc flight schedule
268,agadir weather august
269,ouzoud waterfalls morocco
270,moroccan dirham exchange rate
271,london marrakech flights
272,civitatis marrakech
273,marrakech hotels with pool
274,essence of casablanca
275,moroccan dirham to us dollar
276,hora marrakech
277,movenpick marrakech
278,couscous food
279,restaurant riad marrakech
280,turkish airlines ticket
281,riad fes maya suite & spa
282,marseille marrakech
283,is morocco safe to visit
284,casablanca ochsenfurt
285,morocco safety
286,riad marrakech bouscat
287,uk travel to morocco
288,bliss riad marrakech
289,marrakech marruecos
290,marrakech itinerary
291,nars morocco
292,morocco tourism covid
293,la marrakech
294,voyage marrakech
295,what is moroccan food
296,agadir weather in march
297,easyjet flights to morocco
298,aesop marrakech
299,argan moroccan oil
300,what is a riad marrakech
301,is casablanca worth visiting
302,moroccan food near me
303,quiche lorraine bbc good food
304,casablanca t shirts
305,can i travel to morocco right now
306,casablanca leipzig
307,moroccan oil body spray
308,agadir weather june
309,agadir hotels all inclusive
310,morocco weather in november
311,best moroccan restaurant
312,moroccan couscous recipe
313,nars morocco lipstick
314,frankfurt casablanca
315,morocco weather in september
316,what does moroccan oil do for your hair
317,best time to visit vietnam
318,morocco travel insurance
319,casablanca morocco hotels
320,moroccan oil set
321,aeroport marrakech
322,la mamounia hotel marrakech
323,hotel riad marrakech
324,morocco marrakech holidays
325,travel insurance
326,casablanca time
327,morocco tourism places
328,luxury morocco travel
329,spain morocco itinerary 10 days
330,my moroccan food
331,festival couscous sicile
332,best things to do in morocco
333,casablanca top
334,morocco vs nigeria
335,how to use moroccan oil
336,moroccan oil mask
337,tetouan morocco
338,couscous moroccan
339,opera plaza hotel marrakech
340,argan oil morocco dm
341,moroccan oil sale
342,raja casablanca gegen al-nasr
343,flights to morocco from uk
344,flights to morocco from usa
345,is morocco safe to travel to
346,marrakech airport
347,good food lasagne
348,casablanca höhle der löwen deal geplatzt
349,book a pcr test for travel
350,marrakech moroccan restaurant
351,travel in morocco safety
352,bachir morocco
353,marrakech weather in january
354,casablanca set
355,agadir weather 14 days
356,royal air maroc manage booking
357,moroccan oil curl defining cream
358,marrakech restaurante
359,moroccan oil hair color
360,restaurant couscous
361,best time to visit morocco 2024
362,marrakech tiempo
363,morocco airport
364,agadir hotels morocco
365,volubilis morocco
366,moroccan oil reviews
367,madrid marrakech
368,morocco weather in june
369,moroccan oil leave in conditioner
370,moroccan oil dry shampoo
371,marrakech du rire 2022 replay
372,what is moroccan oil
373,flights to marrakech
374,moroccan food tagine
375,riad fes
376,marrakech bruay
377,morocco travel agency in usa
378,flights to morocco from london
379,uae dirham to moroccan dirham
380,airfrance booking
381,bordeaux marrakech
382,marrakech
383,flights to morocco from nyc
384,casablanca ai
385,kino casablanca bad soden
386,essaouira
387,moroccan restaurant near me
388,park hyatt marrakech
389,moroccan oil perfume
390,morocco weather december
391,riad fes aicha
392,moroccan restaurant covent garden
393,morocco entry requirements
394,7 days in morocco itinerary from fez
395,tui marrakech hotels
396,morocco travel agency
397,is moroccan oil good for hair
398,moroccan food tour
399,tajine marrakech
400,moroccan oil conditioner
401,riad marrakech luxe
402,agadir morocco map
403,cmn airport code
404,agadir
405,hammam morocco
406,morocco visa uk
407,tiempo en marrakech
408,royal air maroc safety
409,casablanca movie
410,moroccan oil sephora
411,all inclusive marrakech hotels
412,casablanca köln
413,hotel ali marrakech
414,morocco fabulous travel
415,best month to visit morocco
416,10 days morocco itinerary
417,morocco vs benin
418,covid pcr test for travel
419,moroccan oil ulta
420,morocco visa for indian
421,viajar a marrakech
422,ouzoud waterfalls marrakech
423,seriously good cat food
424,moroccan dirham to usd
425,airbnb marrakech villa
426,météo marrakech
427,moroccan oil dry scalp treatment
428,good food yorkshire pudding
429,marrakech morocco weather
430,morocco travel restrictions update
431,casablanca morocco map
432,casablanca short set
433,moroccan oil night serum
434,tangier hotels
435,moroccan oil wikipedia
436,morocco definition
437,morocco travel itinerary
438,good food for mama
439,best time to travel to morocco
440,moroccan oil hydration shampoo
441,moroccan restaurant orlando
442,agadir morocco weather
443,argan oil morocco shampoo
444,moroccan restaurant houston
445,morocco national football team
446,byredo casablanca lily
447,moroccan couscous recipe bbc
448,bbc good food banana bread
449,air arabia tanger
450,moroccan oil hydrating styling cream
451,bbc good food brownies
452,famous moroccan food
453,morocco weather by month
454,que hacer en marrakech
455,restaurant
456,the ordinary moroccan oil
457,moroccan food london
458,moroccan oil uk
459,bbc good food chocolate cake
460,moroccan oil purple shampoo
461,good food show
462,moroccan tagine
463,moroccan oil hair mask color
464,royal air maroc airline code
465,morrocan food
466,moroccan oil light
467,tajin restaurant
468,morocco people
469,moroccan oil texture spray
470,ryanair flight tracker
471,marrakech weather in october
472,istanbul airport
473,moroccan oil hair treatment
474,ait benhaddou day trip from marrakech
475,paris marrakech
476,morocco hotels
477,marrakech wetter
478,fes flights
479,ryanair marrakech
480,best hotel marrakech
481,marrakech weather in may
482,couscous monsieur cuisine
483,can i travel to morocco
484,morocco vs niger
485,moroccan oil israel
486,morocco itinerary 2 weeks
487,flight
488,morocco travel guide
489,fez morocco weather
490,location villa marrakech
491,flight to thailand
492,good food epinal
493,atlas mountains tour
494,moroccan oil argan oil
495,morocco visa on arrival
496,valencia marrakech
497,vente riad marrakech
498,restaurant in morocco
499,moroccan oil hair oil
500,"casablanca, morocco weather"
501,turkish airlines flight status
502,tanger
503,apply for morocco visa
504,moroccan restaurant manchester
505,musée yves saint laurent marrakech
506,morocco itinerary 4 days
507,portugal and morocco itinerary
508,essaouira day trip from marrakech
509,food near me
510,bbc good food cheesecake
511,typical moroccan food
512,casablanca bergheim
513,casablanca swiss arabian
514,paradise valley morocco
515,casablanca sale
516,bbc good food pancakes
517,malaga marrakech
518,vol madrid marrakech
519,casablanca clothing
520,us to moroccan dirham
521,moroccan oil
522,turkish airline
523,best moroccan oil for hair
524,good food institute
525,morocco itinerary
526,the very good food company stock
527,lisbon to marrakech flights
528,casablanca tennis club
529,morocco travel news
530,riad marrakech à vendre
531,moroccan oil boots
532,moroccan food delivery
533,transavia airline
534,le marrakech speisekarte
535,moroccan restaurant dc
536,things to do in morocco in december
537,nomad marrakech
538,morocco visa usa
539,kebab marrakech
540,paris marrakech vol
541,fairmont hotel marrakech
542,luxury villa marrakech
543,terremotos en marruecos marrakech
544,tangier morocco weather
545,nobu marrakech
546,when is the best time to visit morocco
547,moroccan foods
548,royal air maroc casablanca
549,casablanca nürnberg
550,fez morocco
551,vol malaga marrakech
552,7 day morocco itinerary
553,good food pizza
554,moroccan oil shampoo
555,8 day morocco itinerary
556,moroccan oil all in one leave in conditioner
557,desierto marrakech
558,fez moroccan restaurant
559,agadir weather december
560,moroccan restaurant bath
561,mandarin hotel marrakech
562,casablanca morocco weather
563,beans morocco
564,best time to go to morocco
565,alicante marrakech
566,6 day morocco itinerary
567,morocco vs senegal
568,moroccan food nyc
569,morocco visa for pakistani
570,morocco coronavirus travel
571,restaurante marrakech fuenlabrada
572,morocco travel rules
573,momo moroccan restaurant london
574,1 moroccan dirham to usd
575,paris marrakech flights
576,morocco covid
577,hrz casablanca
578,casablanca shorts
579,nobu hotel marrakech
580,ouzoud waterfalls from marrakech
581,ait benhaddou
582,so good food
583,morocco visa policy
584,morocco esim
585,luxury hotel marrakech
586,riad marrakesch
587,morocco vs tanzania
588,casablanca morocco
589,fez
590,good food guide 2025
591,frankfurt casablanca royal air maroc
592,cheap flights to agadir from london
593,new balance casablanca
594,casablanca berlin
595,pcr test for travel london
596,rodamon riad marrakech
597,bbc food
598,good food pancakes
599,swiss arabian essence of casablanca
600,le jardin marrakech
601,moroccan oil curl
602,cheapest flights to morocco
603,moroccan oil treatment
604,fes
605,why visit morocco
606,temperature marrakech
607,riad
608,morocco travel package
609,marrakech terremoto
610,le petit marrakech
611,marrakech morocco map
612,ait benhaddou films
613,best time to visit morocco weather
614,wac casablanca
615,can i travel to morocco from uk
616,morocco hotels 5 star
617,morocco news
618,moroccan oil color depositing mask
619,marrakech du rire 2022 m6
620,morocco travel packages
621,ogx argan oil of morocco shampoo
622,morocco vs belgium
623,moroccan restaurants near me
624,top things to do in morocco
625,is moroccan oil shampoo sulfate free
626,ait benhaddou kasbah
627,hotel allegro agadir morocco
628,pcr test for travel
629,marrakech kassel
630,riad fes baraka fes morocco
631,best riad marrakech
632,flights to agadir from uk
633,tangier
634,ryanair flights to morocco
635,prix riad marrakech
636,airbnb marrakech
637,marrakech weather in june
638,morocco map africa
639,bbc good food bread
640,moroccan house hotel marrakech
641,how to get pcr test for travel
642,air arabia barcelona tanger
643,finally some good food meme
644,rabat morocco map
645,look fantastic moroccan oil
646,morocco vs canada
647,moroccan restaurant las vegas
648,moroccan street food
649,sharjah airport
650,taghazout
651,morocco weather april
652,good food romainville
653,moroccan restaurant windsor
654,yves saint laurent marrakech
655,5 day morocco itinerary
656,casablanca t-shirt
657,moroccan oil curl cream
658,bab marrakech neu isenburg
659,popular moroccan food
660,die höhle der löwen casablanca deal
661,casablanca kino oldenburg
662,good food guide
663,four seasons hotel marrakech
664,boots pcr test for travel
665,luxury marrakech hotels
666,activités marrakech
667,best time to visit morocco 2023
668,royal mansour marrakech
669,moroccan restaurant dubai
670,moroccan oil travel size
671,siedhoff palace hotel marrakech
672,casablanca shirt
673,marrakech weather in november
674,le marrakech
675,menara moroccan restaurant
676,4 day morocco itinerary
677,aeropuerto marrakech
678,is transavia a good airline
679,les sens de marrakech
680,moroccan oil products
681,spain morocco itinerary 14 days
682,is it safe to travel to morocco right now
683,marrakech best of
684,is moroccan oil shampoo good for hair
685,dollar vs moroccan dirham
686,bacha coffee marrakech
687,salt house morocco
688,get pcr test for travel
689,morocco travel restrictions covid-19
690,free tour marrakech
691,is morocco a safe place to visit
692,morocco travel form
693,sahara desert tour from marrakech price
694,spain and morocco itinerary
695,can you travel to morocco
696,best time of year to visit morocco
697,palm menara hotel marrakech
698,météo marrakech 15 jours
699,morocco travel brochure
700,morocco covid entry requirements
701,lyon marrakech
702,casablanca kleidung
703,morocco itinerary 14 days
704,sol oasis marrakech
705,morocco itinerary 9 days
706,is it safe to travel to morocco
707,moroccan restaurant new york
708,marrakech hamburg
709,moroccan oil heat protectant spray
710,turkish airlines booking
711,msemen monsieur cuisine
712,7 days morocco itinerary
713,turkish airlines manage my booking
714,places to visit in morocco
715,best moroccan restaurant london
716,moroccan oil hair mask
717,viaje marrakech
718,what time is it in morocco
719,riad fes nass zmane
720,agadir weather april
721,moroccan restaurant nj
722,royal air maroc ticket buchen
723,luxury riad marrakech
724,marrakech du rire 2023
725,bls morocco visa
726,costco travel
727,essaouira day trip
728,morocco visa from nigeria
729,flight radar
730,casablanca
731,agadir weather by month
732,sausage casserole bbc good food
733,casablanca tshirt
734,morocco travel tips
735,cheap flights to thailand
736,bilbao marrakech
737,where is casablanca
738,moroccan couscous recipe uk
739,morocco religion
740,moroccan oil spray
741,nhs pcr test for travel
742,marrakech to casablanca
743,casablanca marke
744,uk pcr test for travel
745,royal air maroc airline
746,rawabi hotel marrakech & spa
747,villa marrakech
748,moroccan dirham to dollars
749,morocco trip itinerary
750,morocco visa for us citizens
751,casablanca morocco tourism
752,moroccan food singapore
753,medina marrakech
754,marrakech to ait benhaddou
755,royal air maroc booking
756,frankfurt nach casablanca royal air maroc
757,morocco weather in january
758,moroccan dirham to gbp
759,nantes marrakech
760,agadir weather september
761,moroccan restaurant philadelphia
762,moroccan restaurant los angeles
763,good food brownies
764,fes morocco weather
765,moroccan oil root boost
766,10 day morocco itinerary
767,vuelos malaga marrakech
768,bbc good food
769,cheap agadir flights
770,good food banana bread
771,royal air maroc ticket
772,morocco world cup 2022
773,marrakech du rire
774,booking flights
775,tajine morocco
776,casablanca jacke
777,morocco tourism
778,morocco tourism packages
779,is moroccan oil a heat protectant
780,famous places in morocco
781,morocco tours
782,14 day morocco itinerary
783,tangier morocco map
784,dollar to moroccan dirham today
785,moroccan oil volumizing mist
786,moroccan oil brand
787,location riad marrakech
788,is morocco safe for women
789,morocco visa application
790,marrakech weather by month
791,casablanca london
792,spain portugal morocco itinerary
793,moroccan food toronto
794,taj moroccan food
795,marrakech souks
796,best months to visit morocco
797,morocco food
798,moroccan restaurant
799,moroccan restaurants london
800,moroccan oil shampoo and conditioner
